{
	"info": {
		"_postman_id": "25b9bc90-9a83-43f4-b5b7-fffeea560184",
		"name": "jam3ty",
		"schema": "https://schema.getpostman.com/json/collection/v2.1.0/collection.json"
	},
	"item": [
		{
			"name": "auth",
			"item": [
				{
					"name": "{{url}}api/auth/signup",
					"request": {
						"method": "POST",
						"header": [
							{
								"key": "Authorization",
								"type": "text",
								"value": "Bearer {{accessToken}}"
							}
						],
						"body": {
							"mode": "formdata",
							"formdata": [
								{
									"key": "username",
									"value": "admin23",
									"type": "text"
								},
								{
									"key": "email",
									"value": "admin23@gmail.com",
									"type": "text"
								},
								{
									"key": "password",
									"value": "123456",
									"type": "text"
								},
								{
									"key": "roles",
									"value": "admin",
									"description": "admin,student,instructor",
									"type": "text"
								}
							],
							"options": {
								"formdata": {}
							}
						},
						"url": {
							"raw": "{{url}}api/auth/signup",
							"host": [
								"{{url}}api"
							],
							"path": [
								"auth",
								"signup"
							],
							"query": [
								{
									"key": "username",
									"value": "",
									"disabled": true
								},
								{
									"key": "email",
									"value": "",
									"disabled": true
								},
								{
									"key": "password",
									"value": "",
									"disabled": true
								}
							]
						}
					},
					"response": []
				},
				{
					"name": "{{url}}api/auth/signin",
					"request": {
						"method": "POST",
						"header": [],
						"body": {
							"mode": "formdata",
							"formdata": [
								{
									"key": "username",
									"value": "adminAll@gmail.com",
									"type": "text"
								},
								{
									"key": "password",
									"value": "123456",
									"type": "text"
								}
							],
							"options": {
								"formdata": {}
							}
						},
						"url": {
							"raw": "{{url}}api/auth/signin",
							"host": [
								"{{url}}api"
							],
							"path": [
								"auth",
								"signin"
							]
						}
					},
					"response": []
				},
				{
					"name": "{{url}}api/test/instructor",
					"request": {
						"method": "GET",
						"header": [
							{
								"key": "x-access-token",
								"value": "eyJhbGciOiJIUzI1NiIsInR5cCI6IkpXVCJ9.eyJpZCI6MSwiaWF0IjoxNTk3Mjc2NjI0LCJleHAiOjE1OTczNjMwMjR9.dMRU0fh7aIG62CrSKJHa1FeovnNDosz-vS10HCEDWDg",
								"type": "text"
							}
						],
						"url": {
							"raw": "{{url}}api/test/instructor",
							"host": [
								"{{url}}api"
							],
							"path": [
								"test",
								"instructor"
							]
						}
					},
					"response": []
				},
				{
					"name": "{{url}}api/auth/verifyEmail",
					"request": {
						"method": "POST",
						"header": [],
						"body": {
							"mode": "formdata",
							"formdata": [
								{
									"key": "email",
									"value": "Hatem@gmail.com",
									"type": "text"
								},
								{
									"key": "code",
									"value": "772215",
									"type": "text"
								}
							],
							"options": {
								"formdata": {}
							}
						},
						"url": {
							"raw": "{{url}}api/auth/verifyEmail",
							"host": [
								"{{url}}api"
							],
							"path": [
								"auth",
								"verifyEmail"
							]
						}
					},
					"response": []
				},
				{
					"name": "{{url}}api/auth/forgotPassword",
					"request": {
						"method": "POST",
						"header": [],
						"body": {
							"mode": "formdata",
							"formdata": [
								{
									"key": "email",
									"value": "farag@gmail.com",
									"type": "text"
								},
								{
									"key": "password",
									"value": "1234567890",
									"type": "text"
								},
								{
									"key": "code",
									"value": "732610",
									"type": "text"
								}
							],
							"options": {
								"formdata": {}
							}
						},
						"url": {
							"raw": "{{url}}api/auth/forgotPassword",
							"host": [
								"{{url}}api"
							],
							"path": [
								"auth",
								"forgotPassword"
							]
						}
					},
					"response": []
				},
				{
					"name": "{{url}}api/auth/sendVerificationCode",
					"request": {
						"method": "POST",
						"header": [],
						"body": {
							"mode": "formdata",
							"formdata": [
								{
									"key": "email",
									"value": "wahba@gmail.com",
									"type": "text"
								}
							],
							"options": {
								"formdata": {}
							}
						},
						"url": {
							"raw": "{{url}}api/auth/sendVerificationCode",
							"host": [
								"{{url}}api"
							],
							"path": [
								"auth",
								"sendVerificationCode"
							]
						}
					},
					"response": []
				}
			],
			"protocolProfileBehavior": {}
		},
		{
			"name": "universities",
			"item": [
				{
					"name": "{{url}}api/addUniversity",
					"request": {
						"method": "POST",
						"header": [
							{
								"key": "Authorization",
								"value": "Bearer {{accessToken}}",
								"type": "text"
							}
						],
						"body": {
							"mode": "formdata",
							"formdata": [
								{
									"key": "name_ar",
									"value": "جامعه قطر",
									"type": "text"
								},
								{
									"key": "name_en",
									"value": "Qater",
									"type": "text"
								},
								{
									"key": "faculties",
									"value": "[{\"faculty_name_ar\":\"math3\",\"faculty_name_en\":\"math3\"},{\"faculty_name_ar\":\"phsyics3\", \"faculty_name_en\":\"phsyics3\"}]",
									"type": "text"
								}
							],
							"options": {
								"formdata": {}
							}
						},
						"url": {
							"raw": "{{url}}api/addUniversity",
							"host": [
								"{{url}}api"
							],
							"path": [
								"addUniversity"
							]
						}
					},
					"response": []
				},
				{
					"name": "{{url}}api/updateUniversity",
					"request": {
						"method": "PUT",
						"header": [
							{
								"key": "Authorization",
								"type": "text",
								"value": "Bearer {{accessToken}}"
							}
						],
						"body": {
							"mode": "formdata",
							"formdata": [
								{
									"key": "name_ar",
									"value": "جامعه الكويت الحديثه",
									"type": "text"
								},
								{
									"key": "name_en",
									"value": "Modern Kewiet Uni",
									"type": "text"
								}
							],
							"options": {
								"formdata": {}
							}
						},
						"url": {
							"raw": "{{url}}api/updateUniversity/1",
							"host": [
								"{{url}}api"
							],
							"path": [
								"updateUniversity",
								"1"
							]
						}
					},
					"response": []
				},
				{
					"name": "{{url}}api/listUniversity",
					"request": {
						"method": "GET",
						"header": [
							{
								"key": "Authorization",
								"type": "text",
								"value": "Bearer {{accessToken}}"
							}
						],
						"url": {
							"raw": "{{url}}api/listUniversity?doPagination=0&numPerPage=2&page=1&searchKey=",
							"host": [
								"{{url}}api"
							],
							"path": [
								"listUniversity"
							],
							"query": [
								{
									"key": "doPagination",
									"value": "0"
								},
								{
									"key": "numPerPage",
									"value": "2"
								},
								{
									"key": "page",
									"value": "1"
								},
								{
									"key": "searchKey",
									"value": ""
								}
							]
						}
					},
					"response": []
				},
				{
					"name": "{{url}}api/deleteUniversity",
					"request": {
						"method": "POST",
						"header": [
							{
								"key": "Authorization",
								"type": "text",
								"value": "Bearer {{accessToken}}"
							}
						],
						"url": {
							"raw": "{{url}}api/deleteUniversity/2",
							"host": [
								"{{url}}api"
							],
							"path": [
								"deleteUniversity",
								"2"
							]
						}
					},
					"response": []
				},
				{
					"name": "{{url}}api/listUniversityById",
					"protocolProfileBehavior": {
						"disableBodyPruning": true
					},
					"request": {
						"method": "GET",
						"header": [
							{
								"key": "Authorization",
								"type": "text",
								"value": "Bearer {{accessToken}}"
							}
						],
						"body": {
							"mode": "formdata",
							"formdata": [],
							"options": {
								"formdata": {}
							}
						},
						"url": {
							"raw": "{{url}}api/listUniversityById/1",
							"host": [
								"{{url}}api"
							],
							"path": [
								"listUniversityById",
								"1"
							]
						}
					},
					"response": []
				}
			],
			"protocolProfileBehavior": {}
		},
		{
			"name": "faculties",
			"item": [
				{
					"name": "{{url}}api/addFaculty",
					"request": {
						"method": "POST",
						"header": [
							{
								"key": "Authorization",
								"value": "Bearer {{accessToken}}",
								"type": "text"
							}
						],
						"body": {
							"mode": "formdata",
							"formdata": [
								{
									"key": "name_ar",
									"value": "لللللل",
									"type": "text"
								},
								{
									"key": "name_en",
									"value": "للللل",
									"type": "text"
								},
								{
									"key": "universityId",
									"value": "1",
									"type": "text"
								}
							],
							"options": {
								"formdata": {}
							}
						},
						"url": {
							"raw": "{{url}}api/addFaculty",
							"host": [
								"{{url}}api"
							],
							"path": [
								"addFaculty"
							]
						}
					},
					"response": []
				},
				{
					"name": "{{url}}api/updateFaculty",
					"request": {
						"method": "POST",
						"header": [
							{
								"key": "Authorization",
								"type": "text",
								"value": "Bearer {{accessToken}}"
							}
						],
						"body": {
							"mode": "formdata",
							"formdata": [
								{
									"key": "name_ar",
									"value": "جامعه الكويت الحديثه",
									"type": "text"
								},
								{
									"key": "name_en",
									"value": "Lawwwwww",
									"type": "text"
								},
								{
									"key": "universityId",
									"value": "1",
									"type": "text"
								}
							],
							"options": {
								"formdata": {}
							}
						},
						"url": {
							"raw": "{{url}}api/updateFaculty/2",
							"host": [
								"{{url}}api"
							],
							"path": [
								"updateFaculty",
								"2"
							]
						}
					},
					"response": []
				},
				{
					"name": "{{url}}api/listFaculty",
					"request": {
						"method": "GET",
						"header": [
							{
								"key": "Authorization",
								"type": "text",
								"value": "Bearer {{accessToken}}"
							}
						],
						"url": {
							"raw": "{{url}}api/listFaculty?doPagination=1&numPerPage=10&page=1&searchKey=",
							"host": [
								"{{url}}api"
							],
							"path": [
								"listFaculty"
							],
							"query": [
								{
									"key": "doPagination",
									"value": "1"
								},
								{
									"key": "numPerPage",
									"value": "10"
								},
								{
									"key": "page",
									"value": "1"
								},
								{
									"key": "searchKey",
									"value": ""
								}
							]
						}
					},
					"response": []
				},
				{
					"name": "{{url}}api/deleteFaculty",
					"request": {
						"method": "POST",
						"header": [
							{
								"key": "Authorization",
								"type": "text",
								"value": "Bearer {{accessToken}}"
							}
						],
						"url": {
							"raw": "{{url}}api/deleteFaculty/1",
							"host": [
								"{{url}}api"
							],
							"path": [
								"deleteFaculty",
								"1"
							]
						}
					},
					"response": []
				},
				{
					"name": "{{url}}api/listFacultyById",
					"protocolProfileBehavior": {
						"disableBodyPruning": true
					},
					"request": {
						"method": "GET",
						"header": [
							{
								"key": "Authorization",
								"type": "text",
								"value": "Bearer {{accessToken}}"
							}
						],
						"body": {
							"mode": "formdata",
							"formdata": [],
							"options": {
								"formdata": {}
							}
						},
						"url": {
							"raw": "{{url}}api/listFacultyById/1",
							"host": [
								"{{url}}api"
							],
							"path": [
								"listFacultyById",
								"1"
							]
						}
					},
					"response": []
				}
			],
			"protocolProfileBehavior": {}
		},
		{
			"name": "instructor",
			"item": [
				{
					"name": "addInstructor",
					"request": {
						"auth": {
							"type": "bearer"
						},
						"method": "POST",
						"header": [
							{
								"key": "Authorization",
								"value": "Bearer {{accessToken}}",
								"type": "text",
								"disabled": true
							}
						],
						"body": {
							"mode": "formdata",
							"formdata": [
								{
									"key": "name_ar",
									"value": "rrrrrrrr",
									"type": "text"
								},
								{
									"key": "name_en",
									"value": "rrrrrrrr",
									"type": "text"
								},
								{
									"key": "bio",
									"value": "rrrrrrrr",
									"type": "text"
								},
								{
									"key": "mobile",
									"value": "03117555422",
									"type": "text"
								},
								{
									"key": "username",
									"value": "rrrrrrrr",
									"type": "text"
								},
								{
									"key": "email",
									"value": "rrrrrrrr@gmail.com",
									"type": "text"
								},
								{
									"key": "file",
									"type": "file",
									"src": []
								},
								{
									"key": "img",
									"type": "file",
									"src": "/C:/Users/Farag/Pictures/1.PNG"
								},
								{
									"key": "password",
									"value": "123456",
									"type": "text"
								},
								{
									"key": "isVerified",
									"value": "1",
									"description": "1 only",
									"type": "text",
									"disabled": true
								}
							],
							"options": {
								"formdata": {}
							}
						},
						"url": {
							"raw": "{{url}}api/addInstructor",
							"host": [
								"{{url}}api"
							],
							"path": [
								"addInstructor"
							]
						}
					},
					"response": []
				},
				{
					"name": "delete_instructor",
					"request": {
						"method": "POST",
						"header": [
							{
								"key": "Authorization",
								"value": "Bearer {{accessToken}}",
								"type": "text"
							}
						],
						"url": {
							"raw": "{{url}}api/deleteInstructor/10",
							"host": [
								"{{url}}api"
							],
							"path": [
								"deleteInstructor",
								"10"
							]
						}
					},
					"response": []
				},
				{
					"name": "update_instructor",
					"request": {
						"method": "PUT",
						"header": [
							{
								"key": "Authorization",
								"value": "Bearer {{accessToken}}",
								"type": "text"
							}
						],
						"body": {
							"mode": "formdata",
							"formdata": [
								{
									"key": "name_ar",
									"value": "عربى",
									"type": "text"
								},
								{
									"key": "name_en",
									"value": "Arabi Keshk",
									"type": "text"
								},
								{
									"key": "bio",
									"value": "aaaaa",
									"type": "text"
								},
								{
									"key": "mobile",
									"value": "0100000032",
									"type": "text"
								},
								{
									"key": "password",
									"value": "246810",
									"type": "text"
								},
								{
									"key": "img",
									"type": "file",
									"src": []
								},
								{
									"key": "file",
									"type": "file",
									"src": []
								}
							],
							"options": {
								"formdata": {}
							}
						},
						"url": {
							"raw": "{{url}}api/updateInstructor/1",
							"host": [
								"{{url}}api"
							],
							"path": [
								"updateInstructor",
								"1"
							]
						}
					},
					"response": []
				},
				{
					"name": "list",
					"protocolProfileBehavior": {
						"disableBodyPruning": true
					},
					"request": {
						"method": "GET",
						"header": [
							{
								"key": "Authorization",
								"value": "Bearer {{accessToken}}",
								"type": "text"
							}
						],
						"body": {
							"mode": "formdata",
							"formdata": [
								{
									"key": "doPagination",
									"value": "0",
									"type": "text"
								},
								{
									"key": "numPerPage",
									"value": "10",
									"type": "text"
								},
								{
									"key": "page",
									"value": "1",
									"type": "text"
								},
								{
									"key": "searchKey",
									"value": "",
									"type": "text"
								}
							],
							"options": {
								"formdata": {}
							}
						},
						"url": {
							"raw": "{{url}}api/listInstructor?doPagination=0&numPerPage=10&page=1&searchKey=",
							"host": [
								"{{url}}api"
							],
							"path": [
								"listInstructor"
							],
							"query": [
								{
									"key": "doPagination",
									"value": "0"
								},
								{
									"key": "numPerPage",
									"value": "10"
								},
								{
									"key": "page",
									"value": "1"
								},
								{
									"key": "searchKey",
									"value": ""
								}
							]
						}
					},
					"response": []
				},
				{
					"name": "listById",
					"protocolProfileBehavior": {
						"disableBodyPruning": true
					},
					"request": {
						"method": "GET",
						"header": [
							{
								"key": "Authorization",
								"value": "Bearer {{accessToken}}",
								"type": "text"
							}
						],
						"body": {
							"mode": "formdata",
							"formdata": [
								{
									"key": "",
									"value": "",
									"type": "text"
								}
							],
							"options": {
								"formdata": {}
							}
						},
						"url": {
							"raw": "{{url}}api/listInstructorById/1",
							"host": [
								"{{url}}api"
							],
							"path": [
								"listInstructorById",
								"1"
							]
						}
					},
					"response": []
				}
			],
			"protocolProfileBehavior": {}
		},
		{
			"name": "courses",
			"item": [
				{
					"name": "{{url}}api/addCourse",
					"request": {
						"method": "POST",
						"header": [
							{
								"key": "Authorization",
								"value": "Bearer {{accessToken}}",
								"type": "text"
							}
						],
						"body": {
							"mode": "formdata",
							"formdata": [
								{
									"key": "name_ar",
									"value": "NEW rrrrrrrrrr",
									"type": "text"
								},
								{
									"key": "name_en",
									"value": "NEW rrrrrrrrrr",
									"type": "text"
								},
								{
									"key": "code",
									"value": "102",
									"type": "text"
								},
								{
									"key": "desc",
									"value": "NEW rrrrrrrrrr",
									"type": "text"
								},
								{
									"key": "prerequisiteText",
									"value": "NEW rrrrrrrrrr",
									"type": "text"
								},
								{
									"key": "whatYouWillLearn",
									"value": "NEW rrrrrrrrrr",
									"type": "text"
								},
								{
									"key": "numOfLessons",
									"value": "144",
									"type": "text"
								},
								{
									"key": "numOfHours",
									"value": "404",
									"type": "text"
								},
								{
									"key": "price",
									"value": "604",
									"type": "text"
								},
								{
									"key": "priceBeforeDiscount",
									"value": "904",
									"type": "text"
								},
								{
									"key": "startDate",
									"value": "2020-09-20",
									"type": "text"
								},
								{
									"key": "type",
									"value": "0",
									"description": "0:Subject | 1:Assignment",
									"type": "text"
								},
								{
									"key": "subjectId",
									"value": "1",
									"type": "text"
								},
								{
									"key": "instructorId",
									"value": "1",
									"type": "text"
								},
								{
									"key": "img",
									"type": "file",
									"src": "/C:/Users/Farag/Desktop/New folder (2)/titleShadow-1024x341.png"
								},
								{
									"key": "vedio",
									"type": "file",
									"src": []
								},
								{
									"key": "nameGroup",
									"value": "NEW fffffffff",
									"type": "text",
									"disabled": true
								},
								{
									"key": "maxNumOfStudentsGroup",
									"value": "204",
									"type": "text",
									"disabled": true
								},
								{
									"key": "startDateGroup",
									"value": "2020-11-25",
									"type": "text",
									"disabled": true
								},
								{
									"key": "endDateGroup",
									"value": "2020-12-20",
									"type": "text",
									"disabled": true
								},
								{
									"key": "groupSchedule",
									"value": "[{\"day\":\"Friday1\",\"time\":\"05:00\"},{\"day\":\"Friday2\",\"time\":\"05:00\"},{\"day\":\"Friday3\",\"time\":\"05:00\"}]",
									"description": "Array of JSON Objects => As String",
									"type": "text",
									"disabled": true
								}
							],
							"options": {
								"formdata": {}
							}
						},
						"url": {
							"raw": "{{url}}api/addCourse/0",
							"host": [
								"{{url}}api"
							],
							"path": [
								"addCourse",
								"0"
							]
						}
					},
					"response": []
				},
				{
					"name": "{{url}}api/deleteCourse",
					"request": {
						"method": "POST",
						"header": [
							{
								"key": "Authorization",
								"type": "text",
								"value": "Bearer {{accessToken}}"
							}
						],
						"url": {
							"raw": "{{url}}api/deleteCourse/20",
							"host": [
								"{{url}}api"
							],
							"path": [
								"deleteCourse",
								"20"
							]
						}
					},
					"response": []
				},
				{
					"name": "{{url}}api/listCourse",
					"protocolProfileBehavior": {
						"disableBodyPruning": true
					},
					"request": {
						"method": "GET",
						"header": [
							{
								"key": "Authorization",
								"type": "text",
								"value": "Bearer {{accessToken}}"
							}
						],
						"body": {
							"mode": "formdata",
							"formdata": [],
							"options": {
								"formdata": {}
							}
						},
						"url": {
							"raw": "{{url}}api/listCourse?doPagination=0&numPerPage=1&page=1&searchKey=&method=both&startFrom=1992-11-05 00:00:00.000&startTo=2022-11-05 23:59:59.000",
							"host": [
								"{{url}}api"
							],
							"path": [
								"listCourse"
							],
							"query": [
								{
									"key": "doPagination",
									"value": "0"
								},
								{
									"key": "numPerPage",
									"value": "1"
								},
								{
									"key": "page",
									"value": "1"
								},
								{
									"key": "searchKey",
									"value": "",
									"description": "search name_ar and name_en of the course"
								},
								{
									"key": "method",
									"value": "both",
									"description": "0 for Recorded Lessons  or 1 for Live Streaming or both"
								},
								{
									"key": "startFrom",
									"value": "1992-11-05 00:00:00.000"
								},
								{
									"key": "startTo",
									"value": "2022-11-05 23:59:59.000"
								}
							]
						}
					},
					"response": []
				},
				{
					"name": "{{url}}api/listCourseById",
					"protocolProfileBehavior": {
						"disableBodyPruning": true
					},
					"request": {
						"method": "GET",
						"header": [
							{
								"key": "Authorization",
								"type": "text",
								"value": "Bearer {{accessToken}}"
							}
						],
						"body": {
							"mode": "formdata",
							"formdata": [],
							"options": {
								"formdata": {}
							}
						},
						"url": {
							"raw": "{{url}}api/listCourseById/15",
							"host": [
								"{{url}}api"
							],
							"path": [
								"listCourseById",
								"15"
							]
						}
					},
					"response": []
				},
				{
					"name": "{{url}}api/updateCourse",
					"request": {
						"method": "POST",
						"header": [
							{
								"key": "Authorization",
								"value": "Bearer {{accessToken}}",
								"type": "text"
							},
							{
								"warning": "This is a duplicate header and will be overridden by the Content-Type header generated by Postman.",
								"key": "Content-Type",
								"value": "application/json",
								"type": "text"
							}
						],
						"body": {
							"mode": "formdata",
							"formdata": [
								{
									"key": "name_ar",
									"value": "صصصص",
									"type": "text"
								},
								{
									"key": "name_en",
									"value": "dddd",
									"type": "text"
								},
								{
									"key": "code",
									"value": "1",
									"type": "text"
								},
								{
									"key": "desc",
									"value": "wwwww",
									"type": "text"
								},
								{
									"key": "prerequisiteText",
									"value": "ssssssww",
									"type": "text"
								},
								{
									"key": "whatYouWillLearn",
									"value": "ssssssww",
									"type": "text"
								},
								{
									"key": "numOfLessons",
									"value": "22",
									"type": "text"
								},
								{
									"key": "numOfHours",
									"value": "15.5",
									"type": "text"
								},
								{
									"key": "price",
									"value": "19.9",
									"type": "text"
								},
								{
									"key": "priceBeforeDiscount",
									"value": "100",
									"type": "text"
								},
								{
									"key": "startDate",
									"value": "1990-11-05",
									"type": "text"
								},
								{
									"key": "type",
									"value": "0",
									"type": "text"
								},
								{
									"key": "subjectId",
									"value": "1",
									"type": "text"
								},
								{
									"key": "img",
									"type": "file",
									"src": "/C:/Users/Farag/Desktop/New folder (2)/Screenshot 2020-09-25 013621.png"
								},
								{
									"key": "vedio",
									"type": "file",
									"src": []
								}
							],
							"options": {
								"formdata": {}
							}
						},
						"url": {
							"raw": "{{url}}api/updateCourse/20",
							"host": [
								"{{url}}api"
							],
							"path": [
								"updateCourse",
								"20"
							]
						}
					},
					"response": []
				},
				{
					"name": "{{url}}api/listCourseNoDate",
					"protocolProfileBehavior": {
						"disableBodyPruning": true
					},
					"request": {
						"method": "GET",
						"header": [
							{
								"key": "Authorization",
								"type": "text",
								"value": "Bearer {{accessToken}}"
							}
						],
						"body": {
							"mode": "formdata",
							"formdata": [],
							"options": {
								"formdata": {}
							}
						},
						"url": {
							"raw": "{{url}}api/listCourseNoDate?doPagination=1&numPerPage=1&page=1&searchKey=&method=both",
							"host": [
								"{{url}}api"
							],
							"path": [
								"listCourseNoDate"
							],
							"query": [
								{
									"key": "doPagination",
									"value": "1"
								},
								{
									"key": "numPerPage",
									"value": "1"
								},
								{
									"key": "page",
									"value": "1"
								},
								{
									"key": "searchKey",
									"value": ""
								},
								{
									"key": "method",
									"value": "both",
									"description": "1 or 0 or both"
								}
							]
						}
					},
					"response": []
				},
				{
					"name": "{{url}}api/listCourseNoDateByDepartment",
					"protocolProfileBehavior": {
						"disableBodyPruning": true
					},
					"request": {
						"method": "GET",
						"header": [
							{
								"key": "Authorization",
								"type": "text",
								"value": "Bearer {{accessToken}}"
							}
						],
						"body": {
							"mode": "formdata",
							"formdata": [],
							"options": {
								"formdata": {}
							}
						},
						"url": {
							"raw": "{{url}}api/listCourseNoDateByDepartment/1?doPagination=0&numPerPage=10&page=1&searchKey=&method=1&orderBy=DESC",
							"host": [
								"{{url}}api"
							],
							"path": [
								"listCourseNoDateByDepartment",
								"1"
							],
							"query": [
								{
									"key": "doPagination",
									"value": "0"
								},
								{
									"key": "numPerPage",
									"value": "10"
								},
								{
									"key": "page",
									"value": "1"
								},
								{
									"key": "searchKey",
									"value": ""
								},
								{
									"key": "method",
									"value": "1",
									"description": "1 or 0 or both"
								},
								{
									"key": "orderBy",
									"value": "DESC",
									"description": "DESC or ASC"
								}
							]
						}
					},
					"response": []
				},
				{
					"name": "{{url}}api/listCourseNoDateByInstructor",
					"protocolProfileBehavior": {
						"disableBodyPruning": true
					},
					"request": {
						"method": "GET",
						"header": [
							{
								"key": "Authorization",
								"type": "text",
								"value": "Bearer {{accessToken}}"
							}
						],
						"body": {
							"mode": "formdata",
							"formdata": [],
							"options": {
								"formdata": {}
							}
						},
						"url": {
							"raw": "{{url}}api/listCourseNoDateByInstructor/1?doPagination=0&numPerPage=10&page=1&searchKey=&method=0",
							"host": [
								"{{url}}api"
							],
							"path": [
								"listCourseNoDateByInstructor",
								"1"
							],
							"query": [
								{
									"key": "doPagination",
									"value": "0"
								},
								{
									"key": "numPerPage",
									"value": "10"
								},
								{
									"key": "page",
									"value": "1"
								},
								{
									"key": "searchKey",
									"value": ""
								},
								{
									"key": "method",
									"value": "0",
									"description": "1 or 0 or both"
								}
							]
						}
					},
					"response": []
				},
				{
					"name": "{{url}}api/listCourseOriginal",
					"protocolProfileBehavior": {
						"disableBodyPruning": true
					},
					"request": {
						"method": "GET",
						"header": [
							{
								"key": "Authorization",
								"type": "text",
								"value": "Bearer {{accessToken}}"
							}
						],
						"body": {
							"mode": "formdata",
							"formdata": [],
							"options": {
								"formdata": {}
							}
						},
						"url": {
							"raw": "{{url}}api/listCourseOriginal?doPagination=0&numPerPage=2&page=2",
							"host": [
								"{{url}}api"
							],
							"path": [
								"listCourseOriginal"
							],
							"query": [
								{
									"key": "doPagination",
									"value": "0"
								},
								{
									"key": "numPerPage",
									"value": "2"
								},
								{
									"key": "page",
									"value": "2"
								},
								{
									"key": "searchKey",
									"value": "",
									"description": "search name_ar and name_en of the course",
									"disabled": true
								},
								{
									"key": "type",
									"value": "",
									"description": "0 for Subject | 1 for Assignment",
									"disabled": true
								},
								{
									"key": "method",
									"value": "both",
									"description": "0 for Recorded Lessons  or 1 for Live Streaming",
									"disabled": true
								},
								{
									"key": "startFrom",
									"value": "1992-11-05 00:00:00.000",
									"disabled": true
								},
								{
									"key": "startTo",
									"value": "2022-11-05 23:59:59.000",
									"disabled": true
								},
								{
									"key": "universityId",
									"value": "1",
									"disabled": true
								},
								{
									"key": "facultyId",
									"value": "1",
									"disabled": true
								},
								{
									"key": "departmentId",
									"value": null,
									"disabled": true
								},
								{
									"key": "academicYearId",
									"value": null,
									"disabled": true
								},
								{
									"key": "subjectId",
									"value": null,
									"disabled": true
								},
								{
									"key": "instructorId",
									"value": null,
									"disabled": true
								},
								{
									"key": "orderBy",
									"value": "DESC",
									"disabled": true
								}
							]
						}
					},
					"response": []
				},
				{
					"name": "{{url}}api/uploadVedioVimeo",
					"request": {
						"method": "POST",
						"header": [],
						"body": {
							"mode": "formdata",
							"formdata": [
								{
									"key": "vedio",
									"type": "file",
									"src": "/C:/Users/Farag/Desktop/New folder (2)/videoplayback2.mp4"
								}
							]
						},
						"url": {
							"raw": "{{url}}api/uploadVedioVimeo",
							"host": [
								"{{url}}api"
							],
							"path": [
								"uploadVedioVimeo"
							]
						}
					},
					"response": []
				}
			],
			"protocolProfileBehavior": {}
		},
		{
			"name": "groupAndGroupSchedule",
			"item": [
				{
					"name": "{{url}}api/addGroup",
					"request": {
						"method": "POST",
						"header": [
							{
								"key": "Authorization",
								"value": "Bearer {{accessToken}}",
								"type": "text"
							}
						],
						"body": {
							"mode": "formdata",
							"formdata": [
								{
									"key": "nameGroup",
									"value": "GGGGGGGGG",
									"type": "text"
								},
								{
									"key": "maxNumOfStudentsGroup",
									"value": "10",
									"type": "text"
								},
								{
									"key": "startDateGroup",
									"value": "2020-11-06 00:00:00.000",
									"type": "text"
								},
								{
									"key": "endDateGroup",
									"value": "2020-11-01",
									"type": "text"
								},
								{
									"key": "groupSchedule",
									"value": "[{\"day\":\"Friday1\",\"time\":\"1994-12-05T08:15:30-05:00\"},{\"day\":\"Friday2\",\"time\":\"1998-11-05T08:15:30-05:00\"},{\"day\":\"Friday3\",\"time\":\"1984-11-05T08:15:30-05:00\"}]",
									"description": "Array of JSON Objects => As String",
									"type": "text"
								},
								{
									"key": "courseId",
									"value": "4",
									"type": "text"
								},
								{
									"key": "instructorId",
									"value": "1",
									"type": "text"
								}
							],
							"options": {
								"formdata": {}
							}
						},
						"url": {
							"raw": "{{url}}api/addGroup",
							"host": [
								"{{url}}api"
							],
							"path": [
								"addGroup"
							]
						}
					},
					"response": []
				},
				{
					"name": "{{url}}api/deleteGroup",
					"request": {
						"method": "POST",
						"header": [
							{
								"key": "Authorization",
								"type": "text",
								"value": "Bearer {{accessToken}}"
							}
						],
						"url": {
							"raw": "{{url}}api/deleteGroup/9",
							"host": [
								"{{url}}api"
							],
							"path": [
								"deleteGroup",
								"9"
							]
						}
					},
					"response": []
				},
				{
					"name": "{{url}}api/listGroupByCourseId",
					"protocolProfileBehavior": {
						"disableBodyPruning": true
					},
					"request": {
						"method": "GET",
						"header": [
							{
								"key": "Authorization",
								"type": "text",
								"value": "Bearer {{accessToken}}"
							}
						],
						"body": {
							"mode": "formdata",
							"formdata": [],
							"options": {
								"formdata": {}
							}
						},
						"url": {
							"raw": "{{url}}api/listGroupByCourseId/1?doPagination=1&numPerPage=1&page=1&searchKey=",
							"host": [
								"{{url}}api"
							],
							"path": [
								"listGroupByCourseId",
								"1"
							],
							"query": [
								{
									"key": "doPagination",
									"value": "1"
								},
								{
									"key": "numPerPage",
									"value": "1"
								},
								{
									"key": "page",
									"value": "1"
								},
								{
									"key": "searchKey",
									"value": ""
								}
							]
						}
					},
					"response": []
				},
				{
					"name": "{{url}}api/listGroupById",
					"protocolProfileBehavior": {
						"disableBodyPruning": true
					},
					"request": {
						"method": "GET",
						"header": [
							{
								"key": "Authorization",
								"type": "text",
								"value": "Bearer {{accessToken}}"
							}
						],
						"body": {
							"mode": "formdata",
							"formdata": [],
							"options": {
								"formdata": {}
							}
						},
						"url": {
							"raw": "{{url}}api/listGroupById/1",
							"host": [
								"{{url}}api"
							],
							"path": [
								"listGroupById",
								"1"
							]
						}
					},
					"response": []
				},
				{
					"name": "{{url}}api/updateGroup",
					"request": {
						"method": "POST",
						"header": [
							{
								"key": "Authorization",
								"value": "Bearer {{accessToken}}",
								"type": "text"
							}
						],
						"body": {
							"mode": "formdata",
							"formdata": [
								{
									"key": "nameGroup",
									"value": "gggggfffff",
									"type": "text"
								},
								{
									"key": "maxNumOfStudentsGroup",
									"value": "44",
									"type": "text"
								},
								{
									"key": "startDateGroup",
									"value": "1999-11-06",
									"type": "text"
								},
								{
									"key": "endDateGroup",
									"value": "2000-11-07",
									"type": "text"
								},
								{
									"key": "groupSchedule",
									"value": "[{\"day\":\"Sunday\",\"time\":\"1994-12-05T08:15:30-05:00\"},{\"day\":\"Sunday\",\"time\":\"1998-11-05T08:15:30-05:00\"},{\"day\":\"Sunday\",\"time\":\"1984-11-05T08:15:30-05:00\"}]",
									"description": "Array of JSON Objects => As String",
									"type": "text"
								},
								{
									"key": "courseId",
									"value": "13",
									"type": "text"
								}
							],
							"options": {
								"formdata": {}
							}
						},
						"url": {
							"raw": "{{url}}api/updateGroup/13",
							"host": [
								"{{url}}api"
							],
							"path": [
								"updateGroup",
								"13"
							]
						}
					},
					"response": []
				}
			],
			"protocolProfileBehavior": {}
		},
		{
			"name": "admin",
			"item": [
				{
					"name": "list",
					"protocolProfileBehavior": {
						"disableBodyPruning": true
					},
					"request": {
						"method": "GET",
						"header": [
							{
								"key": "Authorization",
								"value": "Bearer {{accessToken}}",
								"type": "text"
							}
						],
						"body": {
							"mode": "formdata",
							"formdata": [
								{
									"key": "username",
									"value": "Farag",
									"type": "text"
								},
								{
									"key": "email",
									"value": "Farag@gmail.com",
									"type": "text"
								},
								{
									"key": "password",
									"value": "123456",
									"type": "text"
								},
								{
									"key": "roles",
									"value": "admin,instructor",
									"type": "text"
								}
							],
							"options": {
								"formdata": {}
							}
						},
						"url": {
							"raw": "{{url}}api/listUser",
							"host": [
								"{{url}}api"
							],
							"path": [
								"listUser"
							]
						}
					},
					"response": []
				},
				{
					"name": "update",
					"request": {
						"method": "PUT",
						"header": [
							{
								"key": "Authorization",
								"value": "Bearer {{accessToken}}",
								"type": "text"
							}
						],
						"body": {
							"mode": "formdata",
							"formdata": [
								{
									"key": "password",
									"value": "12345678",
									"type": "text"
								},
								{
									"key": "roles",
									"value": "admin,instructor",
									"type": "text"
								}
							],
							"options": {
								"formdata": {}
							}
						},
						"url": {
							"raw": "{{url}}api/updateUser/2",
							"host": [
								"{{url}}api"
							],
							"path": [
								"updateUser",
								"2"
							]
						}
					},
					"response": []
				},
				{
					"name": "listById",
					"request": {
						"method": "GET",
						"header": [
							{
								"key": "Authorization",
								"value": "Bearer {{accessToken}}",
								"type": "text"
							}
						],
						"url": {
							"raw": "{{url}}api/listUserById/1",
							"host": [
								"{{url}}api"
							],
							"path": [
								"listUserById",
								"1"
							]
						}
					},
					"response": []
				},
				{
					"name": "delete",
					"request": {
						"method": "POST",
						"header": [
							{
								"key": "Authorization",
								"value": "Bearer {{accessToken}}",
								"type": "text"
							}
						],
						"url": {
							"raw": "{{url}}api/deleteUser/19",
							"host": [
								"{{url}}api"
							],
							"path": [
								"deleteUser",
								"19"
							],
							"query": [
								{
									"key": "",
									"value": "",
									"disabled": true
								}
							]
						}
					},
					"response": []
				}
			],
			"protocolProfileBehavior": {}
		},
		{
			"name": "lessonDiscussionComments",
			"item": [
				{
					"name": "list",
					"protocolProfileBehavior": {
						"disableBodyPruning": true
					},
					"request": {
						"method": "GET",
						"header": [
							{
								"key": "Authorization",
								"value": "Bearer {{accessToken}}",
								"type": "text"
							}
						],
						"body": {
							"mode": "formdata",
							"formdata": [
								{
									"key": "username",
									"value": "Farag",
									"type": "text"
								},
								{
									"key": "email",
									"value": "Farag@gmail.com",
									"type": "text"
								},
								{
									"key": "password",
									"value": "123456",
									"type": "text"
								},
								{
									"key": "roles",
									"value": "admin,instructor",
									"type": "text"
								}
							],
							"options": {
								"formdata": {}
							}
						},
						"url": {
							"raw": "{{url}}api/listlessonDiscussionComments?lessonId=1&doPagination=1&numPerPage=1&page=3",
							"host": [
								"{{url}}api"
							],
							"path": [
								"listlessonDiscussionComments"
							],
							"query": [
								{
									"key": "lessonId",
									"value": "1"
								},
								{
									"key": "doPagination",
									"value": "1"
								},
								{
									"key": "numPerPage",
									"value": "1"
								},
								{
									"key": "page",
									"value": "3"
								}
							]
						}
					},
					"response": []
				},
				{
					"name": "listlessonDiscussionCommentsById",
					"request": {
						"method": "GET",
						"header": [
							{
								"key": "Authorization",
								"value": "Bearer {{accessToken}}",
								"type": "text"
							}
						],
						"url": {
							"raw": "{{url}}api/listlessonDiscussionCommentsById/4",
							"host": [
								"{{url}}api"
							],
							"path": [
								"listlessonDiscussionCommentsById",
								"4"
							]
						}
					},
					"response": []
				},
				{
					"name": "listlessonDiscussionById",
					"request": {
						"method": "GET",
						"header": [
							{
								"key": "Authorization",
								"type": "text",
								"value": "Bearer {{accessToken}}"
							}
						],
						"url": {
							"raw": "{{url}}api/listlessonDiscussionById/2",
							"host": [
								"{{url}}api"
							],
							"path": [
								"listlessonDiscussionById",
								"2"
							]
						}
					},
					"response": []
				},
				{
					"name": "updatelessonDiscussionComments",
					"request": {
						"method": "PUT",
						"header": [
							{
								"key": "Authorization",
								"value": "Bearer {{accessToken}}",
								"type": "text"
							}
						],
						"body": {
							"mode": "formdata",
							"formdata": [
								{
									"key": "text",
									"value": "text1234ww3",
									"type": "text"
								},
								{
									"key": "userId",
									"value": "1",
									"type": "text"
								},
								{
									"key": "lessonId",
									"value": "1",
									"type": "text",
									"disabled": true
								},
								{
									"key": "lessonDiscussionId",
									"value": "5",
									"type": "text"
								}
							],
							"options": {
								"formdata": {}
							}
						},
						"url": {
							"raw": "{{url}}api/updatelessonDiscussionComments/2",
							"host": [
								"{{url}}api"
							],
							"path": [
								"updatelessonDiscussionComments",
								"2"
							]
						}
					},
					"response": []
				},
				{
					"name": "updatelessonDiscussion",
					"request": {
						"method": "PUT",
						"header": [
							{
								"key": "Authorization",
								"type": "text",
								"value": "Bearer {{accessToken}}"
							}
						],
						"body": {
							"mode": "formdata",
							"formdata": [
								{
									"key": "text",
									"value": "text2221",
									"type": "text"
								},
								{
									"key": "userId",
									"value": "1",
									"type": "text"
								},
								{
									"key": "lessonId",
									"value": "2",
									"type": "text"
								},
								{
									"key": "lessonDiscussionId",
									"value": "5",
									"type": "text",
									"disabled": true
								}
							],
							"options": {
								"formdata": {}
							}
						},
						"url": {
							"raw": "{{url}}api/updatelessonDiscussion/5",
							"host": [
								"{{url}}api"
							],
							"path": [
								"updatelessonDiscussion",
								"5"
							]
						}
					},
					"response": []
				},
				{
					"name": "deletelessonDiscussionComments",
					"request": {
						"method": "POST",
						"header": [
							{
								"key": "Authorization",
								"value": "Bearer {{accessToken}}",
								"type": "text"
							}
						],
						"url": {
							"raw": "{{url}}api/deletelessonDiscussionComments/3",
							"host": [
								"{{url}}api"
							],
							"path": [
								"deletelessonDiscussionComments",
								"3"
							],
							"query": [
								{
									"key": "",
									"value": "",
									"disabled": true
								}
							]
						}
					},
					"response": []
				},
				{
					"name": "deletelessonDiscussion",
					"request": {
						"method": "POST",
						"header": [
							{
								"key": "Authorization",
								"type": "text",
								"value": "Bearer {{accessToken}}"
							}
						],
						"url": {
							"raw": "{{url}}api/deletelessonDiscussion/5",
							"host": [
								"{{url}}api"
							],
							"path": [
								"deletelessonDiscussion",
								"5"
							],
							"query": [
								{
									"key": "",
									"value": "",
									"disabled": true
								}
							]
						}
					},
					"response": []
				},
				{
					"name": "add",
					"request": {
						"method": "POST",
						"header": [
							{
								"key": "Authorization",
								"value": "Bearer {{accessToken}}",
								"type": "text"
							}
						],
						"body": {
							"mode": "formdata",
							"formdata": [
								{
									"key": "text",
									"value": "text2666",
									"type": "text"
								},
								{
									"key": "userId",
									"value": "1",
									"type": "text"
								},
								{
									"key": "lessonId",
									"value": "1",
									"type": "text",
									"disabled": true
								},
								{
									"key": "lessonDiscussionId",
									"value": "2",
									"type": "text"
								}
							],
							"options": {
								"formdata": {}
							}
						},
						"url": {
							"raw": "{{url}}api/addlessonDiscussionComments",
							"host": [
								"{{url}}api"
							],
							"path": [
								"addlessonDiscussionComments"
							]
						}
					},
					"response": []
				},
				{
					"name": "{{url}}api/listlessonDiscussionByCourseId",
					"request": {
						"method": "GET",
						"header": [
							{
								"key": "Authorization",
								"type": "text",
								"value": "Bearer {{accessToken}}"
							}
						],
						"url": {
							"raw": "{{url}}api/listlessonDiscussionByCourseId/1?doPagination=0&numPerPage=10&page=1&searchKey=",
							"host": [
								"{{url}}api"
							],
							"path": [
								"listlessonDiscussionByCourseId",
								"1"
							],
							"query": [
								{
									"key": "doPagination",
									"value": "0"
								},
								{
									"key": "numPerPage",
									"value": "10"
								},
								{
									"key": "page",
									"value": "1"
								},
								{
									"key": "searchKey",
									"value": ""
								}
							]
						}
					},
					"response": []
				},
				{
					"name": "{{url}}api/listLessonDiscussion",
					"protocolProfileBehavior": {
						"disableBodyPruning": true
					},
					"request": {
						"method": "GET",
						"header": [
							{
								"key": "Authorization",
								"type": "text",
								"value": "Bearer {{accessToken}}"
							}
						],
						"body": {
							"mode": "formdata",
							"formdata": [],
							"options": {
								"formdata": {}
							}
						},
						"url": {
							"raw": "{{url}}api/listLessonDiscussion?doPagination=1&numPerPage=3&page=1&searchKey=",
							"host": [
								"{{url}}api"
							],
							"path": [
								"listLessonDiscussion"
							],
							"query": [
								{
									"key": "doPagination",
									"value": "1"
								},
								{
									"key": "numPerPage",
									"value": "3"
								},
								{
									"key": "page",
									"value": "1"
								},
								{
									"key": "searchKey",
									"value": ""
								},
								{
									"key": "userId",
									"value": "1",
									"disabled": true
								},
								{
									"key": "lessonId",
									"value": "2",
									"disabled": true
								},
								{
									"key": "courseId",
									"value": "1",
									"disabled": true
								},
								{
									"key": "orderBy",
									"value": "DESC",
									"description": "ASC or DESC",
									"disabled": true
								},
								{
									"key": "createdAtFrom",
									"value": null,
									"disabled": true
								},
								{
									"key": "createdAtTo",
									"value": null,
									"disabled": true
								}
							]
						}
					},
					"response": []
				}
			],
			"protocolProfileBehavior": {}
		},
		{
			"name": "Department",
			"item": [
				{
					"name": "{{url}}api/addDepartment",
					"request": {
						"method": "POST",
						"header": [
							{
								"key": "Authorization",
								"value": "Bearer {{accessToken}}",
								"type": "text"
							}
						],
						"body": {
							"mode": "formdata",
							"formdata": [
								{
									"key": "name_ar",
									"value": "لالالالالالالا",
									"type": "text"
								},
								{
									"key": "name_en",
									"value": "www",
									"type": "text"
								},
								{
									"key": "facultyId",
									"value": "1",
									"type": "text"
								},
								{
									"key": "academicyears",
									"value": "[{\"academic_name_ar\":\"1th\",\"academic_name_en\":\"1th\",\"subjects\":[{\"subject_name_ar\":\"math1\",\"subject_name_en\":\"math1\"},{\"subject_name_ar\":\"phsyics1\", \"subject_name_en\":\"phsyics1\"}]},{\"academic_name_ar\":\"2th\",\"academic_name_en\":\"2th\",\"subjects\":[{\"subject_name_ar\":\"math2\",\"subject_name_en\":\"math2\"},{\"subject_name_ar\":\"phsyics2\",\"subject_name_en\":\"phsyics2\"}]}]",
									"type": "text"
								}
							],
							"options": {
								"formdata": {}
							}
						},
						"url": {
							"raw": "{{url}}api/addDepartment",
							"host": [
								"{{url}}api"
							],
							"path": [
								"addDepartment"
							]
						}
					},
					"response": []
				},
				{
					"name": "{{url}}api/deleteDepartment",
					"request": {
						"method": "POST",
						"header": [
							{
								"key": "Authorization",
								"value": "Bearer {{accessToken}}",
								"type": "text"
							}
						],
						"url": {
							"raw": "{{url}}api/deleteDepartment/1",
							"host": [
								"{{url}}api"
							],
							"path": [
								"deleteDepartment",
								"1"
							]
						}
					},
					"response": []
				},
				{
					"name": "{{url}}api/updateDepartment",
					"request": {
						"method": "POST",
						"header": [
							{
								"key": "Authorization",
								"value": "Bearer {{accessToken}}",
								"type": "text"
							}
						],
						"body": {
							"mode": "formdata",
							"formdata": [
								{
									"key": "name_ar",
									"value": "wwwdd",
									"type": "text"
								},
								{
									"key": "name_en",
									"value": "wwwss",
									"type": "text"
								}
							],
							"options": {
								"formdata": {}
							}
						},
						"url": {
							"raw": "{{url}}api/updateDepartment/17",
							"host": [
								"{{url}}api"
							],
							"path": [
								"updateDepartment",
								"17"
							]
						}
					},
					"response": []
				},
				{
					"name": "{{url}}api/listDepartmentById",
					"protocolProfileBehavior": {
						"disableBodyPruning": true
					},
					"request": {
						"method": "GET",
						"header": [
							{
								"key": "Authorization",
								"type": "text",
								"value": "Bearer {{accessToken}}"
							}
						],
						"body": {
							"mode": "formdata",
							"formdata": [],
							"options": {
								"formdata": {}
							}
						},
						"url": {
							"raw": "{{url}}api/listDepartmentById/1",
							"host": [
								"{{url}}api"
							],
							"path": [
								"listDepartmentById",
								"1"
							]
						}
					},
					"response": []
				},
				{
					"name": "{{url}}api/listDepartment",
					"request": {
						"method": "GET",
						"header": [
							{
								"key": "Authorization",
								"type": "text",
								"value": "Bearer {{accessToken}}"
							}
						],
						"url": {
							"raw": "{{url}}api/listDepartment?doPagination=1&numPerPage=10&page=1&searchKey=",
							"host": [
								"{{url}}api"
							],
							"path": [
								"listDepartment"
							],
							"query": [
								{
									"key": "doPagination",
									"value": "1"
								},
								{
									"key": "numPerPage",
									"value": "10"
								},
								{
									"key": "page",
									"value": "1"
								},
								{
									"key": "searchKey",
									"value": ""
								}
							]
						}
					},
					"response": []
				}
			],
			"protocolProfileBehavior": {}
		},
		{
			"name": "Academicyears",
			"item": [
				{
					"name": "{{url}}api/addAcademicyear",
					"request": {
						"method": "POST",
						"header": [
							{
								"key": "Authorization",
								"value": "Bearer {{accessToken}}",
								"type": "text"
							}
						],
						"body": {
							"mode": "formdata",
							"formdata": [
								{
									"key": "name_ar",
									"value": "",
									"type": "text"
								},
								{
									"key": "name_en",
									"value": "",
									"type": "text"
								},
								{
									"key": "departmentId",
									"value": "1",
									"type": "text"
								},
								{
									"key": "subjects",
									"value": "[{\"subject_name_ar\":\"math3\",\"subject_name_en\":\"math3\"},{\"subject_name_ar\":\"phsyics3\", \"subject_name_en\":\"phsyics3\"}]",
									"description": "[] or [{....},{...},....]",
									"type": "text"
								}
							],
							"options": {
								"formdata": {}
							}
						},
						"url": {
							"raw": "{{url}}api/addAcademicYear",
							"host": [
								"{{url}}api"
							],
							"path": [
								"addAcademicYear"
							]
						}
					},
					"response": []
				},
				{
					"name": "{{url}}api/deleteAcademicYear",
					"request": {
						"method": "POST",
						"header": [
							{
								"key": "Authorization",
								"value": "Bearer {{accessToken}}",
								"type": "text"
							}
						],
						"url": {
							"raw": "{{url}}api/deleteAcademicYear/1",
							"host": [
								"{{url}}api"
							],
							"path": [
								"deleteAcademicYear",
								"1"
							]
						}
					},
					"response": []
				},
				{
					"name": "{{url}}api/updateAcademicYear",
					"request": {
						"method": "POST",
						"header": [
							{
								"key": "Authorization",
								"value": "Bearer {{accessToken}}",
								"type": "text"
							}
						],
						"body": {
							"mode": "formdata",
							"formdata": [
								{
									"key": "name_ar",
									"value": "cc",
									"type": "text"
								},
								{
									"key": "name_en",
									"value": "",
									"type": "text"
								}
							],
							"options": {
								"formdata": {}
							}
						},
						"url": {
							"raw": "{{url}}api/updateAcademicYear/6",
							"host": [
								"{{url}}api"
							],
							"path": [
								"updateAcademicYear",
								"6"
							]
						}
					},
					"response": []
				},
				{
					"name": "{{url}}api/listAcademicYearById",
					"protocolProfileBehavior": {
						"disableBodyPruning": true
					},
					"request": {
						"method": "GET",
						"header": [
							{
								"key": "Authorization",
								"type": "text",
								"value": "Bearer {{accessToken}}"
							}
						],
						"body": {
							"mode": "formdata",
							"formdata": [],
							"options": {
								"formdata": {}
							}
						},
						"url": {
							"raw": "{{url}}api/listAcademicYearById/1",
							"host": [
								"{{url}}api"
							],
							"path": [
								"listAcademicYearById",
								"1"
							]
						}
					},
					"response": []
				},
				{
					"name": "{{url}}api/listAcademicYear",
					"request": {
						"method": "GET",
						"header": [
							{
								"key": "Authorization",
								"type": "text",
								"value": "Bearer {{accessToken}}"
							}
						],
						"url": {
							"raw": "{{url}}api/listAcademicYear?doPagination=1&numPerPage=2&page=1&searchKey=",
							"host": [
								"{{url}}api"
							],
							"path": [
								"listAcademicYear"
							],
							"query": [
								{
									"key": "doPagination",
									"value": "1"
								},
								{
									"key": "numPerPage",
									"value": "2"
								},
								{
									"key": "page",
									"value": "1"
								},
								{
									"key": "searchKey",
									"value": ""
								}
							]
						}
					},
					"response": []
				}
			],
			"protocolProfileBehavior": {}
		},
		{
			"name": "Subject",
			"item": [
				{
					"name": "{{url}}api/addSubject",
					"request": {
						"method": "POST",
						"header": [
							{
								"key": "Authorization",
								"type": "text",
								"value": "Bearer {{accessToken}}"
							}
						],
						"body": {
							"mode": "formdata",
							"formdata": [
								{
									"key": "name_ar",
									"value": "4th",
									"type": "text"
								},
								{
									"key": "name_en",
									"value": "4th",
									"type": "text"
								},
								{
									"key": "academicYearId",
									"value": "8",
									"type": "text"
								}
							],
							"options": {
								"formdata": {}
							}
						},
						"url": {
							"raw": "{{url}}api/addSubject",
							"host": [
								"{{url}}api"
							],
							"path": [
								"addSubject"
							]
						}
					},
					"response": []
				},
				{
					"name": "{{url}}api/deleteSubject",
					"request": {
						"method": "POST",
						"header": [
							{
								"key": "Authorization",
								"value": "Bearer {{accessToken}}",
								"type": "text"
							}
						],
						"url": {
							"raw": "{{url}}api/deleteSubject/1",
							"host": [
								"{{url}}api"
							],
							"path": [
								"deleteSubject",
								"1"
							]
						}
					},
					"response": []
				},
				{
					"name": "{{url}}api/updateSubject",
					"request": {
						"method": "POST",
						"header": [
							{
								"key": "Authorization",
								"value": "Bearer {{accessToken}}",
								"type": "text"
							}
						],
						"body": {
							"mode": "formdata",
							"formdata": [
								{
									"key": "name_ar",
									"value": "wwwdd",
									"type": "text"
								},
								{
									"key": "name_en",
									"value": "wwwss",
									"type": "text"
								}
							],
							"options": {
								"formdata": {}
							}
						},
						"url": {
							"raw": "{{url}}api/updateSubject/6",
							"host": [
								"{{url}}api"
							],
							"path": [
								"updateSubject",
								"6"
							]
						}
					},
					"response": []
				},
				{
					"name": "{{url}}api/listSubjectById",
					"protocolProfileBehavior": {
						"disableBodyPruning": true
					},
					"request": {
						"method": "GET",
						"header": [
							{
								"key": "Authorization",
								"type": "text",
								"value": "Bearer {{accessToken}}"
							}
						],
						"body": {
							"mode": "formdata",
							"formdata": [],
							"options": {
								"formdata": {}
							}
						},
						"url": {
							"raw": "{{url}}api/listSubjectById/8",
							"host": [
								"{{url}}api"
							],
							"path": [
								"listSubjectById",
								"8"
							]
						}
					},
					"response": []
				},
				{
					"name": "{{url}}api/listSubject",
					"request": {
						"method": "GET",
						"header": [
							{
								"key": "Authorization",
								"type": "text",
								"value": "Bearer {{accessToken}}"
							}
						],
						"url": {
							"raw": "{{url}}api/listSubject?doPagination=1&numPerPage=5&page=1&searchKey=",
							"host": [
								"{{url}}api"
							],
							"path": [
								"listSubject"
							],
							"query": [
								{
									"key": "doPagination",
									"value": "1"
								},
								{
									"key": "numPerPage",
									"value": "5"
								},
								{
									"key": "page",
									"value": "1"
								},
								{
									"key": "searchKey",
									"value": ""
								}
							]
						}
					},
					"response": []
				}
			],
			"protocolProfileBehavior": {}
		},
		{
			"name": "lesson",
			"item": [
				{
					"name": "{{url}}api/addLesson",
					"request": {
						"method": "POST",
						"header": [
							{
								"key": "Authorization",
								"value": "Bearer {{accessToken}}",
								"type": "text"
							}
						],
						"body": {
							"mode": "formdata",
							"formdata": [
								{
									"key": "name_ar",
									"value": "FFFFFF",
									"type": "text"
								},
								{
									"key": "name_en",
									"value": "FFFFFF",
									"type": "text"
								},
								{
									"key": "desc",
									"value": "FFFFFF",
									"type": "text"
								},
								{
									"key": "type",
									"value": "1",
									"description": "0:Assignment | 1:Visual Lesson",
									"type": "text"
								},
								{
									"key": "isLiveStreaming",
									"value": "1",
									"description": "0 or 1",
									"type": "text"
								},
								{
									"key": "liveStreamingInfo",
									"value": "FFFFFF",
									"type": "text"
								},
								{
									"key": "liveStreamingTime",
									"value": "2020-09-16 08:01:43",
									"type": "text"
								},
								{
									"key": "liveStreamingEndTime",
									"value": "2020-09-16 09:01:43",
									"type": "text"
								},
								{
									"key": "isAssostatedWithGroup",
									"value": "1",
									"description": "0 or 1",
									"type": "text"
								},
								{
									"key": "groupId",
									"value": "1",
									"type": "text"
								},
								{
									"key": "courseId",
									"value": "1",
									"type": "text"
								},
								{
									"key": "vedio",
									"type": "file",
									"src": "/C:/Users/Farag/Desktop/New folder (2)/videoplayback2.mp4"
								},
								{
									"key": "attachments",
									"type": "file",
									"src": []
								}
							],
							"options": {
								"formdata": {}
							}
						},
						"url": {
							"raw": "{{url}}api/addLesson",
							"host": [
								"{{url}}api"
							],
							"path": [
								"addLesson"
							]
						}
					},
					"response": []
				},
				{
					"name": "{{url}}api/deleteLesson",
					"request": {
						"method": "POST",
						"header": [
							{
								"key": "Authorization",
								"type": "text",
								"value": "Bearer {{accessToken}}"
							}
						],
						"url": {
							"raw": "{{url}}api/deleteLesson/16",
							"host": [
								"{{url}}api"
							],
							"path": [
								"deleteLesson",
								"16"
							]
						}
					},
					"response": []
				},
				{
					"name": "{{url}}api/listLessonById",
					"protocolProfileBehavior": {
						"disableBodyPruning": true
					},
					"request": {
						"method": "GET",
						"header": [
							{
								"key": "Authorization",
								"type": "text",
								"value": "Bearer {{accessToken}}"
							}
						],
						"body": {
							"mode": "formdata",
							"formdata": [],
							"options": {
								"formdata": {}
							}
						},
						"url": {
							"raw": "{{url}}api/listLessonById/16",
							"host": [
								"{{url}}api"
							],
							"path": [
								"listLessonById",
								"16"
							]
						}
					},
					"response": []
				},
				{
					"name": "{{url}}api/listLesson",
					"protocolProfileBehavior": {
						"disableBodyPruning": true
					},
					"request": {
						"method": "GET",
						"header": [
							{
								"key": "Authorization",
								"type": "text",
								"value": "Bearer {{accessToken}}"
							}
						],
						"body": {
							"mode": "formdata",
							"formdata": [],
							"options": {
								"formdata": {}
							}
						},
						"url": {
							"raw": "{{url}}api/listLesson?doPagination=0&numPerPage=1&page=1&searchKey=&type=both",
							"host": [
								"{{url}}api"
							],
							"path": [
								"listLesson"
							],
							"query": [
								{
									"key": "doPagination",
									"value": "0"
								},
								{
									"key": "numPerPage",
									"value": "1"
								},
								{
									"key": "page",
									"value": "1"
								},
								{
									"key": "searchKey",
									"value": ""
								},
								{
									"key": "type",
									"value": "both",
									"description": "1 or 0 or both"
								}
							]
						}
					},
					"response": []
				},
				{
					"name": "{{url}}api/updateLesson",
					"request": {
						"method": "POST",
						"header": [
							{
								"key": "Authorization",
								"value": "Bearer {{accessToken}}",
								"type": "text"
							}
						],
						"body": {
							"mode": "formdata",
							"formdata": [
								{
									"key": "name_ar",
									"value": "WWWWa",
									"type": "text"
								},
								{
									"key": "name_en",
									"value": "WWWWa",
									"type": "text"
								},
								{
									"key": "desc",
									"value": "WWWWa",
									"type": "text"
								},
								{
									"key": "type",
									"value": "0",
									"description": "0:Assignment | 1:Visual Lesson",
									"type": "text"
								},
								{
									"key": "isLiveStreaming",
									"value": "1",
									"description": "0 or 1",
									"type": "text"
								},
								{
									"key": "liveStreamingInfo",
									"value": "WWWWa",
									"type": "text"
								},
								{
									"key": "liveStreamingTime",
									"value": "2020-09-16 08:01:43",
									"type": "text"
								},
								{
									"key": "liveStreamingEndTime",
									"value": "2020-09-16 09:01:43",
									"type": "text"
								},
								{
									"key": "isAssostatedWithGroup",
									"value": "0",
									"description": "0 or 1",
									"type": "text"
								},
								{
									"key": "groupId",
									"value": "23",
									"type": "text"
								},
								{
									"key": "courseId",
									"value": "15",
									"type": "text"
								},
								{
									"key": "vedio",
									"type": "file",
									"src": "/C:/Users/Farag/Desktop/New folder (2)/videoplayback333.mp4"
								},
								{
									"key": "attachments",
									"type": "file",
									"src": []
								}
							],
							"options": {
								"formdata": {}
							}
						},
						"url": {
							"raw": "{{url}}api/updateLesson/18",
							"host": [
								"{{url}}api"
							],
							"path": [
								"updateLesson",
								"18"
							]
						}
					},
					"response": []
				},
				{
					"name": "{{url}}api/deleteLessonAttachment",
					"request": {
						"method": "POST",
						"header": [
							{
								"key": "Authorization",
								"type": "text",
								"value": "Bearer {{accessToken}}"
							}
						],
						"body": {
							"mode": "formdata",
							"formdata": [
								{
									"key": "attachmentPath",
									"value": "public/files/compressed/ic_account_circle_black_48dp-1598834764024-.zip",
									"type": "text"
								}
							],
							"options": {
								"formdata": {}
							}
						},
						"url": {
							"raw": "{{url}}api/deleteLessonAttachment/13",
							"host": [
								"{{url}}api"
							],
							"path": [
								"deleteLessonAttachment",
								"13"
							]
						}
					},
					"response": []
				}
			],
			"protocolProfileBehavior": {}
		},
		{
			"name": "student",
			"item": [
				{
					"name": "{{url}}api/addStudent",
					"request": {
						"auth": {
							"type": "bearer"
						},
						"method": "POST",
						"header": [],
						"body": {
							"mode": "formdata",
							"formdata": [
								{
									"key": "name",
									"value": "HHHHHHHH",
									"type": "text"
								},
								{
									"key": "mobile",
									"value": "01053300317",
									"type": "text"
								},
								{
									"key": "username",
									"value": "HHHHHHHH",
									"type": "text"
								},
								{
									"key": "email",
									"value": "HHHHHHHH@gmail.com",
									"type": "text"
								},
								{
									"key": "img",
									"type": "file",
									"src": []
								},
								{
									"key": "academicYearId",
									"value": "1",
									"type": "text"
								},
								{
									"key": "password",
									"value": "123456",
									"type": "text"
								}
							],
							"options": {
								"formdata": {}
							}
						},
						"url": {
							"raw": "{{url}}api/addStudent",
							"host": [
								"{{url}}api"
							],
							"path": [
								"addStudent"
							]
						}
					},
					"response": []
				},
				{
					"name": "{{url}}api/deleteStudent",
					"request": {
						"method": "POST",
						"header": [
							{
								"key": "Authorization",
								"type": "text",
								"value": "Bearer {{accessToken}}"
							}
						],
						"url": {
							"raw": "{{url}}api/deleteStudent/2",
							"host": [
								"{{url}}api"
							],
							"path": [
								"deleteStudent",
								"2"
							]
						}
					},
					"response": []
				},
				{
					"name": "{{url}}api/updateStudent",
					"request": {
						"auth": {
							"type": "bearer"
						},
						"method": "POST",
						"header": [
							{
								"key": "Authorization",
								"type": "text",
								"value": "Bearer {{accessToken}}"
							}
						],
						"body": {
							"mode": "formdata",
							"formdata": [
								{
									"key": "name",
									"value": "Farag",
									"type": "text"
								},
								{
									"key": "mobile",
									"value": "01000007517",
									"type": "text"
								},
								{
									"key": "img",
									"type": "file",
									"src": []
								},
								{
									"key": "academicYearId",
									"value": "1",
									"type": "text"
								},
								{
									"key": "password",
									"value": "12345678",
									"type": "text"
								}
							],
							"options": {
								"formdata": {}
							}
						},
						"url": {
							"raw": "{{url}}api/updateStudent/1",
							"host": [
								"{{url}}api"
							],
							"path": [
								"updateStudent",
								"1"
							]
						}
					},
					"response": []
				},
				{
					"name": "{{url}}api/listStudentById",
					"protocolProfileBehavior": {
						"disableBodyPruning": true
					},
					"request": {
						"method": "GET",
						"header": [
							{
								"key": "Authorization",
								"type": "text",
								"value": "Bearer {{accessToken}}"
							}
						],
						"body": {
							"mode": "formdata",
							"formdata": [],
							"options": {
								"formdata": {}
							}
						},
						"url": {
							"raw": "{{url}}api/listStudentById/3",
							"host": [
								"{{url}}api"
							],
							"path": [
								"listStudentById",
								"3"
							]
						}
					},
					"response": []
				},
				{
					"name": "{{url}}api/listStudent",
					"protocolProfileBehavior": {
						"disableBodyPruning": true
					},
					"request": {
						"method": "GET",
						"header": [
							{
								"key": "Authorization",
								"type": "text",
								"value": "Bearer {{accessToken}}"
							}
						],
						"body": {
							"mode": "formdata",
							"formdata": [],
							"options": {
								"formdata": {}
							}
						},
						"url": {
							"raw": "{{url}}api/listStudent?doPagination=0&numPerPage=1&page=1&searchKey=",
							"host": [
								"{{url}}api"
							],
							"path": [
								"listStudent"
							],
							"query": [
								{
									"key": "doPagination",
									"value": "0"
								},
								{
									"key": "numPerPage",
									"value": "1"
								},
								{
									"key": "page",
									"value": "1"
								},
								{
									"key": "searchKey",
									"value": ""
								}
							]
						}
					},
					"response": []
				},
				{
					"name": "{{url}}api/listStudentByUserId",
					"protocolProfileBehavior": {
						"disableBodyPruning": true
					},
					"request": {
						"method": "GET",
						"header": [
							{
								"key": "Authorization",
								"type": "text",
								"value": "Bearer {{accessToken}}"
							}
						],
						"body": {
							"mode": "formdata",
							"formdata": [],
							"options": {
								"formdata": {}
							}
						},
						"url": {
							"raw": "{{url}}api/listStudentByUserId/3",
							"host": [
								"{{url}}api"
							],
							"path": [
								"listStudentByUserId",
								"3"
							]
						}
					},
					"response": []
				}
			],
			"protocolProfileBehavior": {}
		},
		{
			"name": "ratingAndReview",
			"item": [
				{
					"name": "{{url}}api/addRatingAndReview",
					"request": {
						"method": "POST",
						"header": [
							{
								"key": "Authorization",
								"value": "Bearer {{accessToken}}",
								"type": "text"
							}
						],
						"body": {
							"mode": "formdata",
							"formdata": [
								{
									"key": "date",
									"value": "1993-11-23",
									"type": "text"
								},
								{
									"key": "reviewText",
									"value": "dddddd",
									"type": "text"
								},
								{
									"key": "rate",
									"value": "5",
									"type": "text"
								},
								{
									"key": "courseSubscribeId",
									"value": "1",
									"type": "text"
								}
							],
							"options": {
								"formdata": {}
							}
						},
						"url": {
							"raw": "{{url}}api/addRatingAndReview",
							"host": [
								"{{url}}api"
							],
							"path": [
								"addRatingAndReview"
							]
						}
					},
					"response": []
				},
				{
					"name": "{{url}}api/updateRatingAndReview",
					"request": {
						"method": "POST",
						"header": [
							{
								"key": "Authorization",
								"value": "Bearer {{accessToken}}",
								"type": "text"
							}
						],
						"body": {
							"mode": "formdata",
							"formdata": [
								{
									"key": "reviewText",
									"value": "eeeeee",
									"type": "text"
								},
								{
									"key": "rate",
									"value": "3",
									"type": "text"
								}
							],
							"options": {
								"formdata": {}
							}
						},
						"url": {
							"raw": "{{url}}api/updateRatingAndReview/1",
							"host": [
								"{{url}}api"
							],
							"path": [
								"updateRatingAndReview",
								"1"
							]
						}
					},
					"response": []
				},
				{
					"name": "{{url}}api/listRatingAndReviewByCourseId",
					"request": {
						"method": "GET",
						"header": [
							{
								"key": "Authorization",
								"type": "text",
								"value": "Bearer {{accessToken}}"
							}
						],
						"url": {
							"raw": "{{url}}api/listRatingAndReviewByCourseId/1",
							"host": [
								"{{url}}api"
							],
							"path": [
								"listRatingAndReviewByCourseId",
								"1"
							]
						}
					},
					"response": []
				},
				{
					"name": "{{url}}api/listRatingAndReviewById",
					"protocolProfileBehavior": {
						"disableBodyPruning": true
					},
					"request": {
						"method": "GET",
						"header": [
							{
								"key": "Authorization",
								"type": "text",
								"value": "Bearer {{accessToken}}"
							}
						],
						"body": {
							"mode": "formdata",
							"formdata": [],
							"options": {
								"formdata": {}
							}
						},
						"url": {
							"raw": "{{url}}api/listRatingAndReviewById/3",
							"host": [
								"{{url}}api"
							],
							"path": [
								"listRatingAndReviewById",
								"3"
							]
						}
					},
					"response": []
				},
				{
					"name": "{{url}}api/deleteRatingAndReview",
					"request": {
						"method": "POST",
						"header": [
							{
								"key": "Authorization",
								"type": "text",
								"value": "Bearer {{accessToken}}"
							}
						],
						"url": {
							"raw": "{{url}}api/deleteRatingAndReview/1",
							"host": [
								"{{url}}api"
							],
							"path": [
								"deleteRatingAndReview",
								"1"
							]
						}
					},
					"response": []
				},
				{
					"name": "{{url}}api/listRatingAndReview",
					"request": {
						"method": "GET",
						"header": [
							{
								"key": "Authorization",
								"type": "text",
								"value": "Bearer {{accessToken}}"
							}
						],
						"url": {
							"raw": "{{url}}api/listRatingAndReview?doPagination=0&numPerPage=10&page=1&searchKey=5",
							"host": [
								"{{url}}api"
							],
							"path": [
								"listRatingAndReview"
							],
							"query": [
								{
									"key": "doPagination",
									"value": "0"
								},
								{
									"key": "numPerPage",
									"value": "10"
								},
								{
									"key": "page",
									"value": "1"
								},
								{
									"key": "searchKey",
									"value": "5",
									"description": "search by rate equal"
								}
							]
						}
					},
					"response": []
				}
			],
			"protocolProfileBehavior": {}
		},
		{
			"name": "assignmentSubmission",
			"item": [
				{
					"name": "{{url}}api/addAssignmentSubmission",
					"request": {
						"method": "POST",
						"header": [
							{
								"key": "Authorization",
								"value": "Bearer {{accessToken}}",
								"type": "text"
							}
						],
						"body": {
							"mode": "formdata",
							"formdata": [
								{
									"key": "submissionDate",
									"value": "2020-11-23",
									"type": "text"
								},
								{
									"key": "attachments",
									"type": "file",
									"src": "/C:/Users/Farag/Desktop/New folder (2)/118082483_730505200830158_7265060467244229168_n.png"
								},
								{
									"key": "lessonId",
									"value": "1",
									"type": "text"
								},
								{
									"key": "studentId",
									"value": "1",
									"type": "text"
								}
							],
							"options": {
								"formdata": {}
							}
						},
						"url": {
							"raw": "{{url}}api/addAssignmentSubmission",
							"host": [
								"{{url}}api"
							],
							"path": [
								"addAssignmentSubmission"
							]
						}
					},
					"response": []
				},
				{
					"name": "{{url}}api/deleteAssignmentSubmission",
					"request": {
						"method": "POST",
						"header": [
							{
								"key": "Authorization",
								"type": "text",
								"value": "Bearer {{accessToken}}"
							}
						],
						"url": {
							"raw": "{{url}}api/deleteAssignmentSubmission/5",
							"host": [
								"{{url}}api"
							],
							"path": [
								"deleteAssignmentSubmission",
								"5"
							]
						}
					},
					"response": []
				},
				{
					"name": "{{url}}api/deleteAssignmentSubmissionAttachment",
					"request": {
						"method": "POST",
						"header": [
							{
								"key": "Authorization",
								"type": "text",
								"value": "Bearer {{accessToken}}"
							}
						],
						"body": {
							"mode": "formdata",
							"formdata": [
								{
									"key": "attachmentPath",
									"value": "public/vedio/q-1599004224241-.mp4",
									"type": "text"
								}
							],
							"options": {
								"formdata": {}
							}
						},
						"url": {
							"raw": "{{url}}api/deleteAssignmentSubmissionAttachment/6",
							"host": [
								"{{url}}api"
							],
							"path": [
								"deleteAssignmentSubmissionAttachment",
								"6"
							]
						}
					},
					"response": []
				},
				{
					"name": "{{url}}api/listAssignmentSubmissionById",
					"protocolProfileBehavior": {
						"disableBodyPruning": true
					},
					"request": {
						"method": "GET",
						"header": [
							{
								"key": "Authorization",
								"type": "text",
								"value": "Bearer {{accessToken}}"
							}
						],
						"body": {
							"mode": "formdata",
							"formdata": [],
							"options": {
								"formdata": {}
							}
						},
						"url": {
							"raw": "{{url}}api/listAssignmentSubmissionById/1",
							"host": [
								"{{url}}api"
							],
							"path": [
								"listAssignmentSubmissionById",
								"1"
							]
						}
					},
					"response": []
				},
				{
					"name": "{{url}}api/updateAssignmentSubmission",
					"request": {
						"method": "POST",
						"header": [
							{
								"key": "Authorization",
								"value": "Bearer {{accessToken}}",
								"type": "text"
							}
						],
						"body": {
							"mode": "formdata",
							"formdata": [
								{
									"key": "attachments",
									"type": "file",
									"src": [
										"/C:/Users/Farag/Desktop/New folder (2)/IMG_20200920_140338.jpg",
										"/C:/Users/Farag/Desktop/New folder (2)/IMG_20200920_140353.jpg"
									]
								}
							],
							"options": {
								"formdata": {}
							}
						},
						"url": {
							"raw": "{{url}}api/updateAssignmentSubmission/1",
							"host": [
								"{{url}}api"
							],
							"path": [
								"updateAssignmentSubmission",
								"1"
							]
						}
					},
					"response": []
				},
				{
					"name": "{{url}}api/listAssignmentsSubmission",
					"protocolProfileBehavior": {
						"disableBodyPruning": true
					},
					"request": {
						"method": "GET",
						"header": [
							{
								"key": "Authorization",
								"type": "text",
								"value": "Bearer {{accessToken}}"
							}
						],
						"body": {
							"mode": "formdata",
							"formdata": [],
							"options": {
								"formdata": {}
							}
						},
						"url": {
							"raw": "{{url}}api/listAssignmentsSubmission?doPagination=0&numPerPage=1&page=1&orderBy=DESC",
							"host": [
								"{{url}}api"
							],
							"path": [
								"listAssignmentsSubmission"
							],
							"query": [
								{
									"key": "doPagination",
									"value": "0"
								},
								{
									"key": "numPerPage",
									"value": "1"
								},
								{
									"key": "page",
									"value": "1"
								},
								{
									"key": "instructorId",
									"value": "1",
									"disabled": true
								},
								{
									"key": "studentId",
									"value": "1",
									"disabled": true
								},
								{
									"key": "lessonId",
									"value": null,
									"disabled": true
								},
								{
									"key": "courseId",
									"value": "1",
									"disabled": true
								},
								{
									"key": "submissionStartFrom",
									"value": null,
									"description": "submissionDate From",
									"disabled": true
								},
								{
									"key": "submissionStartTo",
									"value": null,
									"description": "submissionDate To",
									"disabled": true
								},
								{
									"key": "orderBy",
									"value": "DESC",
									"description": "ASC or DESC"
								}
							]
						}
					},
					"response": []
				},
				{
					"name": "{{url}}api/evaluateAssignmentSubmission",
					"request": {
						"method": "POST",
						"header": [
							{
								"key": "Authorization",
								"value": "Bearer {{accessToken}}",
								"type": "text"
							}
						],
						"body": {
							"mode": "formdata",
							"formdata": [
								{
									"key": "status",
									"value": "1",
									"description": "0 : Rejected || 1 : Accepted",
									"type": "text"
								},
								{
									"key": "statusComments",
									"value": "1111111111",
									"type": "text"
								}
							],
							"options": {
								"formdata": {}
							}
						},
						"url": {
							"raw": "{{url}}api/evaluateAssignmentSubmission/1",
							"host": [
								"{{url}}api"
							],
							"path": [
								"evaluateAssignmentSubmission",
								"1"
							]
						}
					},
					"response": []
				}
			],
			"protocolProfileBehavior": {}
		},
		{
			"name": "courseSubscribe",
			"item": [
				{
					"name": "/api/generatePaymentRequest",
					"request": {
						"method": "POST",
						"header": [
							{
								"key": "Authorization",
								"value": "Bearer {{accessToken}}",
								"type": "text"
							}
						],
						"body": {
							"mode": "formdata",
							"formdata": [
								{
									"key": "studentId",
									"value": "4",
									"type": "text"
								},
								{
									"key": "courseId",
									"value": "1",
									"type": "text"
								},
								{
									"key": "groupId",
									"value": "5",
									"type": "text"
								}
							],
							"options": {
								"formdata": {}
							}
						},
						"url": {
							"raw": "{{url}}api/generatePaymentRequest",
							"host": [
								"{{url}}api"
							],
							"path": [
								"generatePaymentRequest"
							]
						}
					},
					"response": []
				}
			],
			"protocolProfileBehavior": {}
		}
	],
	"event": [
		{
			"listen": "prerequest",
			"script": {
				"id": "a475e891-5e63-4f42-afb4-1d330fde59f5",
				"type": "text/javascript",
				"exec": [
					""
				]
			}
		},
		{
			"listen": "test",
			"script": {
				"id": "513d056b-8480-4dbe-8d42-78ad60c2cd01",
				"type": "text/javascript",
				"exec": [
					""
				]
			}
		}
	],
	"variable": [
		{
			"id": "7790f2c1-0bb5-48d2-a8d4-e631e0bfabfc",
			"key": "url",
			"value": "http://localhost:3001/"
		},
		{
			"id": "8f6dcc46-3871-4b7a-abed-5f59b449881e",
			"key": "accessToken",
			"value": "eyJhbGciOiJIUzI1NiIsInR5cCI6IkpXVCJ9.eyJpZCI6MSwiZW1haWwiOiJPc2FtYUBnbWFpbC5jb20iLCJyb2xlcyI6WyJpbnN0cnVjdG9yIl0sImluc3RydWN0b3JJZCI6MSwic3R1ZGVudElkIjpudWxsLCJpYXQiOjE2MDE0OTY0MzIsImV4cCI6MTYwMTU4MjgzMn0.oVNKvk00_VySnR7bmDE8FVSP93dUJIRe6Zd4mjtfuD4"
		},
		{
			"id": "cf99b524-30c8-420e-956e-2c6192a7c70e",
			"key": "172f4d51-b117-44ca-b621-d796dde2b974",
			"value": ""
		}
	],
	"protocolProfileBehavior": {}
}